id_tramo;lat1;lon1;lat2;lon2;vel_max
1;42.5979094;-5.5719003;42.5979386;-5.571797;30
2;42.5964326;-5.5775734;42.5964635;-5.5775854;30
3;42.5964635;-5.5775854;42.596509;-5.5776175;30
4;42.596509;-5.5776175;42.5965474;-5.5776637;30
5;42.5965474;-5.5776637;42.5965654;-5.5776941;30
6;42.5965654;-5.5776941;42.5965754;-5.5777188;30
7;42.5965754;-5.5777188;42.5965833;-5.5777415;30
8;42.5965252;-5.5781705;42.5965086;-5.5782335;30
9;42.5965086;-5.5782335;42.5964816;-5.5782896;30
10;42.5964816;-5.5782896;42.5964714;-5.5783048;30
11;42.5964714;-5.5783048;42.5964435;-5.5783396;30
12;42.5964435;-5.5783396;42.5964102;-5.5783641;30
13;42.5964102;-5.5783641;42.5963554;-5.578387;30
14;42.5961221;-5.5781888;42.5961135;-5.5781202;30
15;42.5961135;-5.5781202;42.596113;-5.5780771;30
16;42.596113;-5.5780771;42.5961166;-5.5780292;30
17;42.5962107;-5.5777124;42.5962305;-5.5776699;30
18;42.5962305;-5.5776699;42.5962679;-5.5776222;30
19;42.5962679;-5.5776222;42.5963128;-5.5775884;30
20;42.5963128;-5.5775884;42.5962411;-5.5774221;30
21;42.5962411;-5.5774221;42.5961473;-5.577137;30
22;42.5961473;-5.577137;42.5959548;-5.5765622;30
23;42.5959548;-5.5765622;42.5958708;-5.5763086;30
24;42.5963128;-5.5775884;42.5963623;-5.5775704;30
25;42.5963623;-5.5775704;42.5964136;-5.5775694;30
26;42.5964136;-5.5775694;42.5964326;-5.5775734;30
27;42.5965833;-5.5777415;42.5965931;-5.5777813;30
28;42.5965931;-5.5777813;42.5965995;-5.5778477;30
29;42.5965995;-5.5778477;42.5965986;-5.5778778;30
30;42.5939486;-5.5705407;42.5939828;-5.570541;30
31;42.5939486;-5.5705407;42.5939646;-5.5706478;30
32;42.5939646;-5.5706478;42.5939733;-5.5707451;30
33;42.5939733;-5.5707451;42.5939736;-5.5708353;30
34;42.5968902;-5.5716165;42.5968224;-5.5715654;30
35;42.5968902;-5.5716165;42.5969612;-5.5716662;30
36;42.5969612;-5.5716662;42.5969939;-5.5716879;30
37;42.5969939;-5.5716879;42.5974348;-5.5719931;30
38;42.5977881;-5.5722097;42.5977978;-5.5721594;10
39;42.5977881;-5.5722097;42.5977662;-5.572202;30
40;42.5977662;-5.572202;42.597741;-5.5721877;30
41;42.5959882;-5.5710642;42.5961906;-5.5711591;30
42;42.5961906;-5.5711591;42.5963011;-5.5712204;30
43;42.5968224;-5.5715654;42.5968902;-5.5716165;30
44;42.5968224;-5.5715654;42.596725;-5.5715576;30
45;42.596725;-5.5715576;42.5964854;-5.571621;30
46;42.6013504;-5.5809388;42.6012811;-5.5808787;30
47;42.6013504;-5.5809388;42.6012737;-5.5811394;30
48;42.6012737;-5.5811394;42.6011282;-5.5815356;30
49;42.6011282;-5.5815356;42.6011031;-5.5815865;30
50;42.6011031;-5.5815865;42.601078;-5.5816249;30
51;42.601078;-5.5816249;42.6010166;-5.5816951;30
52;42.6010166;-5.5816951;42.6009372;-5.5817397;30
53;42.6009372;-5.5817397;42.6008652;-5.5817586;30
54;42.6008652;-5.5817586;42.6007859;-5.5817518;30
55;42.6007859;-5.5817518;42.6007257;-5.5817241;30
56;42.6007257;-5.5817241;42.6006623;-5.5816808;30
57;42.6006623;-5.5816808;42.600385;-5.5814315;30
58;42.6018294;-5.5750922;42.6018453;-5.5750189;30
59;42.6018453;-5.5750189;42.6018489;-5.5750025;30
60;42.6018489;-5.5750025;42.6018546;-5.5748885;30
61;42.6018294;-5.5750922;42.6016722;-5.5749471;30
62;42.6016722;-5.5749471;42.6016475;-5.5749243;30
63;42.6016475;-5.5749243;42.6012953;-5.5746225;30
64;42.6018294;-5.5750922;42.6019285;-5.5751747;30
65;42.6019285;-5.5751747;42.6020233;-5.5752485;30
66;42.6020233;-5.5752485;42.6026929;-5.5758592;30
67;42.6046247;-5.5775683;42.6047773;-5.5776926;30
68;42.6046247;-5.5775683;42.6045638;-5.5771662;30
69;42.6002182;-5.5736223;42.6002865;-5.5736849;30
70;42.6002865;-5.5736849;42.6005847;-5.5739647;30
71;42.6005847;-5.5739647;42.6010735;-5.5744213;30
72;42.6010735;-5.5744213;42.6010886;-5.5744343;30
73;42.6010886;-5.5744343;42.6011436;-5.5744831;30
74;42.6011436;-5.5744831;42.6012388;-5.5745675;30
75;42.6012388;-5.5745675;42.6012953;-5.5746225;30
76;42.5912029;-5.5634418;42.591469;-5.5639748;30
77;42.5919399;-5.5653973;42.5919726;-5.5654881;30
78;42.5919399;-5.5653973;42.5918268;-5.5652035;30
79;42.5918268;-5.5652035;42.5916852;-5.564944;30
80;42.5916852;-5.564944;42.5915874;-5.5647823;30
81;42.5915874;-5.5647823;42.5914613;-5.5645799;30
82;42.5914613;-5.5645799;42.5914433;-5.5645511;30
83;42.5914433;-5.5645511;42.5914256;-5.5645181;30
84;42.5914256;-5.5645181;42.5913683;-5.5644329;30
85;42.5958708;-5.5763086;42.5956924;-5.5757919;30
86;42.5956924;-5.5757919;42.5956283;-5.5756062;30
87;42.5956283;-5.5756062;42.5954679;-5.5751418;30
88;42.5954679;-5.5751418;42.5953794;-5.5748853;30
89;42.6124612;-5.5876935;42.6125548;-5.5878331;30
90;42.6125548;-5.5878331;42.6130181;-5.5884011;30
91;42.6124612;-5.5876935;42.6124357;-5.5877678;50
92;42.6124357;-5.5877678;42.6124134;-5.5878025;50
93;42.6124134;-5.5878025;42.6123882;-5.5878278;50
94;42.6123882;-5.5878278;42.6123515;-5.5878524;50
95;42.6123515;-5.5878524;42.6123017;-5.5878726;50
96;42.6123017;-5.5878726;42.6122758;-5.5878735;50
97;42.6122758;-5.5878735;42.6122454;-5.5878719;50
98;42.6122454;-5.5878719;42.6121894;-5.5878464;50
99;42.6121894;-5.5878464;42.612167;-5.5878292;50
100;42.612167;-5.5878292;42.6121426;-5.5878006;50
101;42.6121426;-5.5878006;42.6121224;-5.5877635;50
102;42.6121224;-5.5877635;42.6121028;-5.5877081;50
103;42.6121028;-5.5877081;42.6120923;-5.5876399;50
104;42.6120923;-5.5876399;42.6120913;-5.5875785;50
105;42.6120913;-5.5875785;42.6120034;-5.5874446;30
106;42.6120913;-5.5875785;42.6121038;-5.5875213;50
107;42.6121038;-5.5875213;42.6121382;-5.5874498;50
108;42.6121382;-5.5874498;42.61218;-5.5874091;50
109;42.61218;-5.5874091;42.6122301;-5.587375;50
110;42.6122301;-5.587375;42.6122733;-5.5873694;50
111;42.6122733;-5.5873694;42.6123213;-5.5873769;50
112;42.6123213;-5.5873769;42.6123669;-5.5873986;50
113;42.6123669;-5.5873986;42.6123997;-5.5874298;50
114;42.6123997;-5.5874298;42.612428;-5.5874705;50
115;42.612428;-5.5874705;42.6124392;-5.5874976;50
116;42.6124392;-5.5874976;42.6124603;-5.5875561;50
117;42.6124603;-5.5875561;42.6124672;-5.5876255;50
118;42.6124672;-5.5876255;42.6124612;-5.5876935;50
119;42.6139767;-5.589616;42.6138991;-5.589552;30
120;42.6138991;-5.589552;42.6136662;-5.5893127;30
121;42.6139767;-5.589616;42.6139962;-5.5895597;30
122;42.6139962;-5.5895597;42.6140245;-5.5895175;30
123;42.6140245;-5.5895175;42.6140597;-5.5894798;30
124;42.6140597;-5.5894798;42.614112;-5.5894556;30
125;42.614112;-5.5894556;42.6141392;-5.5894497;30
126;42.6141392;-5.5894497;42.6141673;-5.5894523;30
127;42.6141673;-5.5894523;42.6141977;-5.5894579;30
128;42.6141977;-5.5894579;42.6142281;-5.5894714;30
129;42.6142281;-5.5894714;42.6142504;-5.5894992;30
130;42.6142504;-5.5894992;42.6142727;-5.5895306;30
131;42.6142727;-5.5895306;42.6142904;-5.5895634;30
132;42.6142904;-5.5895634;42.6143044;-5.5895974;30
133;42.6143044;-5.5895974;42.6143132;-5.5896373;30
134;42.6143132;-5.5896373;42.6143185;-5.5896808;30
135;42.6143185;-5.5896808;42.6143163;-5.5897244;30
136;42.6143163;-5.5897244;42.6143096;-5.589768;30
137;42.6143096;-5.589768;42.6142915;-5.5898126;30
138;42.6142915;-5.5898126;42.6142708;-5.5898487;30
139;42.6130181;-5.5884011;42.613195;-5.5885767;30
140;42.613195;-5.5885767;42.613481;-5.5888786;30
141;42.6084607;-5.5855533;42.6083823;-5.5855454;30
142;42.6083823;-5.5855454;42.608309;-5.5855068;30
143;42.608309;-5.5855068;42.6082425;-5.5854361;30
144;42.6082425;-5.5854361;42.6082049;-5.5853606;30
145;42.6082049;-5.5853606;42.60818;-5.5852677;30
146;42.60818;-5.5852677;42.6081745;-5.5851692;30
147;42.6081745;-5.5851692;42.6081818;-5.5851047;30
148;42.6081818;-5.5851047;42.6081974;-5.585043;30
149;42.6081974;-5.585043;42.6080703;-5.5848088;30
150;42.6080703;-5.5848088;42.6075609;-5.5844818;30
151;42.6081974;-5.585043;42.6082479;-5.5849408;30
152;42.6082479;-5.5849408;42.6083207;-5.5848675;30
153;42.6083207;-5.5848675;42.6084074;-5.5848314;30
154;42.6087077;-5.5852144;42.6086956;-5.5853016;30
155;42.6021218;-5.579986;42.6020687;-5.5799776;30
156;42.6022679;-5.5799235;42.6022225;-5.5799586;30
157;42.6022225;-5.5799586;42.6021728;-5.5799783;30
158;42.6021728;-5.5799783;42.6021218;-5.579986;30
159;42.6043449;-5.5801389;42.6043707;-5.5801225;30
160;42.6043707;-5.5801225;42.6044139;-5.5801057;30
161;42.6044139;-5.5801057;42.6044588;-5.5801031;30
162;42.6042526;-5.5803328;42.6041392;-5.5802429;30
163;42.6041392;-5.5802429;42.6038456;-5.5800441;30
164;42.6038456;-5.5800441;42.6036501;-5.5799704;30
165;42.6036501;-5.5799704;42.6034375;-5.5799075;30
166;42.6034375;-5.5799075;42.603109;-5.579854;30
167;42.603109;-5.579854;42.6028572;-5.5798497;30
168;42.6028572;-5.5798497;42.6026763;-5.5798739;30
169;42.6026763;-5.5798739;42.602629;-5.5798802;30
170;42.602629;-5.5798802;42.6024353;-5.5799167;30
171;42.6024353;-5.5799167;42.6023915;-5.5799259;30
172;42.6023915;-5.5799259;42.6023161;-5.5799361;30
173;42.6023161;-5.5799361;42.6022679;-5.5799235;30
174;42.6042526;-5.5803328;42.60427;-5.5802567;30
175;42.60427;-5.5802567;42.6042957;-5.5801992;30
176;42.6042957;-5.5801992;42.6043449;-5.5801389;30
177;42.6045264;-5.5801306;42.6045697;-5.5801659;30
178;42.6045697;-5.5801659;42.604608;-5.580228;30
179;42.604608;-5.580228;42.6046304;-5.5803031;30
180;42.6046304;-5.5803031;42.6046346;-5.5803839;30
181;42.6046346;-5.5803839;42.604702;-5.5804848;30
182;42.6046346;-5.5803839;42.6046227;-5.5804542;30
183;42.6046227;-5.5804542;42.6045971;-5.5805174;30
184;42.6045971;-5.5805174;42.6045684;-5.5805596;30
185;42.6045684;-5.5805596;42.6045277;-5.5805997;30
186;42.6045068;-5.5806067;42.6044594;-5.5806206;30
187;42.6044594;-5.5806206;42.6044087;-5.5806163;30
188;42.6044087;-5.5806163;42.604366;-5.5805949;30
189;42.6094854;-5.5862046;42.609184;-5.5860255;30
190;42.6094854;-5.5862046;42.6093757;-5.5862503;30
191;42.6093757;-5.5862503;42.6092892;-5.586362;30
192;42.6045277;-5.5805997;42.6045068;-5.5806067;30
193;42.6030097;-5.5796372;42.603117;-5.5796393;30
194;42.603117;-5.5796393;42.6032931;-5.5796477;30
195;42.6030097;-5.5796372;42.6031228;-5.5795563;30
196;42.6031228;-5.5795563;42.6031644;-5.5795067;30
197;42.6031644;-5.5795067;42.6031849;-5.5794422;30
198;42.6070242;-5.5839343;42.607248;-5.5840756;30
199;42.607248;-5.5840756;42.607351;-5.5841392;30
200;42.607351;-5.5841392;42.607665;-5.5843331;30
201;42.6102537;-5.5860679;42.6104376;-5.5861133;30
202;42.6104376;-5.5861133;42.6105163;-5.5861438;30
203;42.6105163;-5.5861438;42.6106001;-5.5861821;30
204;42.6102537;-5.5860679;42.6103872;-5.5860003;30
205;42.6103872;-5.5860003;42.6104542;-5.5859186;30
206;42.6104542;-5.5859186;42.6105091;-5.5858186;30
207;42.604366;-5.5805949;42.6043175;-5.5805552;30
208;42.6043175;-5.5805552;42.6042779;-5.5804882;30
209;42.6042779;-5.5804882;42.6042566;-5.5804073;30
210;42.6042566;-5.5804073;42.6042526;-5.5803328;30
211;42.5911475;-5.5684902;42.5911396;-5.5686988;30
212;42.5911396;-5.5686988;42.5911367;-5.5688178;30
213;42.5911367;-5.5688178;42.5911281;-5.5691658;30
214;42.5911281;-5.5691658;42.5911146;-5.5697791;30
215;42.5911146;-5.5697791;42.5910875;-5.5710696;30
216;42.5910875;-5.5710696;42.5910827;-5.5712847;30
217;42.5910957;-5.5644626;42.5911344;-5.5644993;30
218;42.5911344;-5.5644993;42.591177;-5.5645571;30
219;42.591177;-5.5645571;42.591204;-5.5646239;30
220;42.5910957;-5.5644626;42.5911914;-5.5644193;30
221;42.5911914;-5.5644193;42.59124;-5.5643767;30
222;42.59124;-5.5643767;42.5912735;-5.5642984;30
223;42.5912735;-5.5642984;42.5911027;-5.5640473;30
224;42.5910269;-5.5639388;42.5909838;-5.5637715;30
225;42.5909838;-5.5637715;42.5909781;-5.5637485;30
226;42.5909781;-5.5637485;42.5909668;-5.5636141;30
227;42.5909668;-5.5636141;42.5909626;-5.5635175;30
228;42.5909626;-5.5635175;42.5909637;-5.563411;30
229;42.5909637;-5.563411;42.5909768;-5.5633102;30
230;42.5909768;-5.5633102;42.5910061;-5.5632181;30
231;42.5909781;-5.5637485;42.5909468;-5.5635759;50
232;42.5909468;-5.5635759;42.5909352;-5.5634305;50
233;42.5909352;-5.5634305;42.5909411;-5.5633003;50
234;42.5909411;-5.5633003;42.5909366;-5.5632181;50
235;42.5910426;-5.5631037;42.5912236;-5.5629267;30
236;42.5910426;-5.5631037;42.5910669;-5.5631684;30
237;42.5910669;-5.5631684;42.5911104;-5.5632542;30
238;42.593021;-5.5683161;42.5931233;-5.5685777;30
239;42.5931233;-5.5685777;42.593432;-5.569384;30
240;42.593432;-5.569384;42.593732;-5.5701742;30
241;42.593732;-5.5701742;42.5937468;-5.5702131;30
242;42.5937468;-5.5702131;42.5937784;-5.5702846;30
243;42.5937784;-5.5702846;42.5937914;-5.5703139;30
244;42.593021;-5.5683161;42.5929493;-5.5681324;30
245;42.5929493;-5.5681324;42.5928956;-5.567982;30
246;42.5928956;-5.567982;42.5928885;-5.5679626;30
247;42.5928885;-5.5679626;42.5928158;-5.5677627;30
248;42.5928158;-5.5677627;42.592781;-5.5676673;30
249;42.592781;-5.5676673;42.5925605;-5.5670633;30
250;42.5911676;-5.5672802;42.5911643;-5.5674581;30
251;42.5911643;-5.5674581;42.5911504;-5.5682911;30
252;42.5911504;-5.5682911;42.5911475;-5.5684902;30
253;42.5913683;-5.5644329;42.5912735;-5.5642984;30
254;42.5913683;-5.5644329;42.5912973;-5.5644799;30
255;42.5912973;-5.5644799;42.5912124;-5.5645746;30
256;42.5912124;-5.5645746;42.591204;-5.5646239;30
257;42.591204;-5.5646239;42.591192;-5.5652312;30
258;42.591192;-5.5652312;42.5911926;-5.5653462;30
259;42.5910827;-5.5712847;42.5915231;-5.5711976;30
260;42.5920166;-5.5656101;42.5919726;-5.5654881;30
261;42.5920166;-5.5656101;42.5920297;-5.5656479;30
262;42.5920297;-5.5656479;42.5921795;-5.5660485;30
263;42.5921795;-5.5660485;42.5922522;-5.5662504;30
264;42.5920166;-5.5656101;42.5919068;-5.5656035;30
265;42.5919068;-5.5656035;42.5914649;-5.5655847;30
266;42.5914649;-5.5655847;42.5913054;-5.5655779;30
267;42.5913054;-5.5655779;42.5911942;-5.5655723;30
268;42.5911942;-5.5655723;42.591193;-5.5656888;30
269;42.591193;-5.5656888;42.59119;-5.5658761;30
270;42.59119;-5.5658761;42.5911808;-5.5664431;30
271;42.5911808;-5.5664431;42.5911686;-5.5671176;30
272;42.5911686;-5.5671176;42.5911676;-5.5672802;30
273;42.5911926;-5.5653462;42.5913047;-5.5653482;30
274;42.5913047;-5.5653482;42.591767;-5.5653712;30
275;42.591767;-5.5653712;42.5918252;-5.5653718;30
276;42.5918252;-5.5653718;42.5919399;-5.5653973;30
277;42.5911926;-5.5653462;42.5911924;-5.5654606;30
278;42.5911924;-5.5654606;42.5911942;-5.5655723;30
279;42.6044588;-5.5801031;42.6045264;-5.5801306;30
280;42.6046879;-5.5781333;42.6046816;-5.5780705;30
281;42.6046816;-5.5780705;42.6046528;-5.5777521;30
282;42.6046528;-5.5777521;42.6046461;-5.577696;30
283;42.6046461;-5.577696;42.6046247;-5.5775683;30
284;42.6046879;-5.5781333;42.604723;-5.5780294;30
285;42.604723;-5.5780294;42.6047847;-5.5779361;30
286;42.6047847;-5.5779361;42.6048247;-5.5779039;30
287;42.6048247;-5.5779039;42.6048553;-5.5778794;30
288;42.6048553;-5.5778794;42.604956;-5.5778457;30
289;42.604956;-5.5778457;42.605113;-5.5779801;30
290;42.605113;-5.5779801;42.6051477;-5.5780116;30
291;42.6051477;-5.5780116;42.6052169;-5.5780745;30
292;42.6042967;-5.577298;42.6043886;-5.5773163;30
293;42.6043886;-5.5773163;42.604439;-5.5773179;30
294;42.604439;-5.5773179;42.6044861;-5.5772968;30
295;42.6044861;-5.5772968;42.6045308;-5.5772537;30
296;42.6045308;-5.5772537;42.604554;-5.5772101;30
297;42.604554;-5.5772101;42.6045638;-5.5771662;30
298;42.6042967;-5.577298;42.6045174;-5.577482;30
299;42.6045174;-5.577482;42.6046247;-5.5775683;30
300;42.6045634;-5.5771137;42.6045994;-5.5772721;30
301;42.6045994;-5.5772721;42.6046277;-5.5773841;30
302;42.6046277;-5.5773841;42.6046661;-5.5775001;30
303;42.6046661;-5.5775001;42.6047102;-5.5775976;30
304;42.6047102;-5.5775976;42.6047503;-5.5776628;30
305;42.6047503;-5.5776628;42.6047773;-5.5776926;30
306;42.6032931;-5.5796477;42.6034303;-5.5796764;30
307;42.6034303;-5.5796764;42.6036742;-5.5797466;30
308;42.6036742;-5.5797466;42.6039135;-5.5798599;30
309;42.6039135;-5.5798599;42.6042065;-5.5800507;30
310;42.6042065;-5.5800507;42.6043112;-5.5801115;30
311;42.6043112;-5.5801115;42.6043449;-5.5801389;30
312;42.6040889;-5.5771113;42.6042713;-5.5772751;30
313;42.6042713;-5.5772751;42.6042967;-5.577298;30
314;42.6020687;-5.5799776;42.601974;-5.5800287;30
315;42.601974;-5.5800287;42.6018867;-5.5800971;30
316;42.6018867;-5.5800971;42.6017874;-5.5802227;30
317;42.6017874;-5.5802227;42.6014506;-5.5807494;30
318;42.6014506;-5.5807494;42.6013504;-5.5809388;30
319;42.6020687;-5.5799776;42.6020095;-5.5799428;30
320;42.6020095;-5.5799428;42.6019616;-5.5798903;30
321;42.6019616;-5.5798903;42.601926;-5.5798197;30
322;42.601926;-5.5798197;42.601899;-5.5797386;30
323;42.613481;-5.5888786;42.6138475;-5.5892381;30
324;42.6138475;-5.5892381;42.6139773;-5.5893515;30
325;42.6131909;-5.5888246;42.6128887;-5.5885048;30
326;42.6128887;-5.5885048;42.6126555;-5.5882467;30
327;42.6128887;-5.5885048;42.6127985;-5.5885034;30
328;42.6127985;-5.5885034;42.6127486;-5.5885094;30
329;42.6127486;-5.5885094;42.6126764;-5.5885543;30
330;42.6141082;-5.5899145;42.6141047;-5.5899652;30
331;42.6141047;-5.5899652;42.6140953;-5.5901009;30
332;42.6140953;-5.5901009;42.6141914;-5.5907608;30
333;42.6141914;-5.5907608;42.6142074;-5.5908612;30
334;42.6142074;-5.5908612;42.6142091;-5.5909096;30
335;42.6142091;-5.5909096;42.6142072;-5.5909642;30
336;42.6141082;-5.5899145;42.6140724;-5.5898958;30
337;42.6140724;-5.5898958;42.614039;-5.5898679;30
338;42.614039;-5.5898679;42.6140005;-5.5898229;30
339;42.6140005;-5.5898229;42.6139784;-5.5897581;30
340;42.6139784;-5.5897581;42.6139665;-5.5896915;30
341;42.6139665;-5.5896915;42.6139767;-5.589616;30
342;42.6085761;-5.5848782;42.608675;-5.584838;30
343;42.608675;-5.584838;42.6087015;-5.5848202;30
344;42.6087015;-5.5848202;42.6087312;-5.5848001;30
345;42.6087312;-5.5848001;42.6087694;-5.5847527;30
346;42.6087694;-5.5847527;42.6092975;-5.5832771;30
347;42.6092975;-5.5832771;42.6095011;-5.5826791;30
348;42.6095011;-5.5826791;42.6096094;-5.5823682;30
349;42.6096094;-5.5823682;42.6096308;-5.5823068;30
350;42.6085761;-5.5848782;42.6086357;-5.5849428;30
351;42.6086357;-5.5849428;42.6086795;-5.5850277;30
352;42.6086795;-5.5850277;42.6087046;-5.5851211;30
353;42.6087046;-5.5851211;42.6087077;-5.5852144;30
354;42.6097411;-5.5823053;42.6097178;-5.5823677;30
355;42.6097178;-5.5823677;42.6088645;-5.5848432;30
356;42.6088645;-5.5848432;42.6088013;-5.5850265;30
357;42.6088013;-5.5850265;42.608786;-5.5850713;30
358;42.608786;-5.5850713;42.6087469;-5.5851428;30
359;42.6087469;-5.5851428;42.6087077;-5.5852144;30
360;42.6054991;-5.5818467;42.6056786;-5.5821961;30
361;42.6056786;-5.5821961;42.6058683;-5.5825292;30
362;42.6012953;-5.5746225;42.6016475;-5.5749243;30
363;42.6016475;-5.5749243;42.6016722;-5.5749471;30
364;42.6016722;-5.5749471;42.6018294;-5.5750922;30
365;42.6058683;-5.5825292;42.6063605;-5.58338;30
366;42.6063605;-5.58338;42.6064549;-5.5834925;30
367;42.6064549;-5.5834925;42.6065545;-5.5835939;30
368;42.6065545;-5.5835939;42.6066769;-5.5836947;30
369;42.6066769;-5.5836947;42.6067947;-5.5837844;30
370;42.6067947;-5.5837844;42.6070242;-5.5839343;30
371;42.5953794;-5.5748853;42.5953053;-5.5746709;30
372;42.5953053;-5.5746709;42.5950069;-5.5738231;30
373;42.5950069;-5.5738231;42.5949864;-5.5737604;30
374;42.5949864;-5.5737604;42.5949054;-5.5735129;30
375;42.5949054;-5.5735129;42.5948196;-5.5732643;30
376;42.5948196;-5.5732643;42.5947365;-5.5730236;30
377;42.5947365;-5.5730236;42.59469;-5.572889;30
378;42.5949054;-5.5735129;42.5950879;-5.5734016;30
379;42.5950879;-5.5734016;42.595183;-5.5733436;30
380;42.5923307;-5.5661227;42.5922522;-5.5662504;30
381;42.5923307;-5.5661227;42.5923534;-5.5660109;30
382;42.5923534;-5.5660109;42.5923632;-5.5659624;30
383;42.5923632;-5.5659624;42.5923884;-5.5658379;30
384;42.5922522;-5.5662504;42.5921795;-5.5660485;30
385;42.5921795;-5.5660485;42.5920297;-5.5656479;30
386;42.5920297;-5.5656479;42.5920166;-5.5656101;30
387;42.5922522;-5.5662504;42.5923488;-5.5665174;30
388;42.5923488;-5.5665174;42.5923636;-5.5665566;30
389;42.5923636;-5.5665566;42.5925605;-5.5670633;30
390;42.5915913;-5.564293;42.591496;-5.5643592;30
391;42.591496;-5.5643592;42.5914497;-5.5643912;30
392;42.5914497;-5.5643912;42.5913683;-5.5644329;30
393;42.5915913;-5.564293;42.5916236;-5.5643829;30
394;42.5916236;-5.5643829;42.5918401;-5.5650339;30
395;42.5918401;-5.5650339;42.5918488;-5.5650602;30
396;42.5918488;-5.5650602;42.5918708;-5.5651269;30
397;42.5918708;-5.5651269;42.5918843;-5.5651679;30
398;42.5918843;-5.5651679;42.5919399;-5.5653973;30
399;42.6117272;-5.5869101;42.6120863;-5.5872861;30
400;42.6120863;-5.5872861;42.6121775;-5.5873397;30
401;42.6121775;-5.5873397;42.6122301;-5.587375;30
402;42.591469;-5.5639748;42.5915588;-5.5642029;30
403;42.5915588;-5.5642029;42.5915913;-5.564293;30
404;42.5965986;-5.5778778;42.5967054;-5.5779748;30
405;42.5967054;-5.5779748;42.5969479;-5.5781949;30
406;42.5969479;-5.5781949;42.5970291;-5.5782686;30
407;42.5970291;-5.5782686;42.5975699;-5.5787593;30
408;42.5975699;-5.5787593;42.5976543;-5.5788359;30
409;42.5965986;-5.5778778;42.5965943;-5.5779143;30
410;42.5965943;-5.5779143;42.5965422;-5.5781044;30
411;42.5965422;-5.5781044;42.5965252;-5.5781705;30
412;42.5987228;-5.5798056;42.5986507;-5.5798632;30
413;42.5987228;-5.5798056;42.5991247;-5.580176;30
414;42.5991247;-5.580176;42.5991634;-5.5802107;30
415;42.5991634;-5.5802107;42.5997419;-5.5807305;30
416;42.5999464;-5.580917;42.5999089;-5.5809926;30
417;42.5999464;-5.580917;42.6000614;-5.5810209;30
418;42.6000614;-5.5810209;42.6004236;-5.5813481;30
419;42.6012811;-5.5808787;42.6013504;-5.5809388;30
420;42.6012811;-5.5808787;42.6017272;-5.5801464;30
421;42.6017272;-5.5801464;42.6018121;-5.5800159;30
422;42.6018121;-5.5800159;42.6018545;-5.5799462;30
423;42.6018545;-5.5799462;42.6018803;-5.5798552;30
424;42.6018803;-5.5798552;42.601899;-5.5797386;30
425;42.5980968;-5.5716794;42.5981238;-5.5716816;30
426;42.5981238;-5.5716816;42.5981657;-5.5716958;30
427;42.5981657;-5.5716958;42.5982042;-5.5717223;30
428;42.5982042;-5.5717223;42.5982374;-5.5717598;30
429;42.5982374;-5.5717598;42.5982635;-5.5718064;30
430;42.5982635;-5.5718064;42.5982813;-5.5718599;30
431;42.5982813;-5.5718599;42.5982899;-5.5719173;30
432;42.5982899;-5.5719173;42.5982888;-5.5719759;30
433;42.5981238;-5.5716816;42.5981667;-5.5716632;30
434;42.5981667;-5.5716632;42.5981931;-5.5716643;30
435;42.5981931;-5.5716643;42.5982089;-5.5716738;30
436;42.5982089;-5.5716738;42.5982408;-5.5716928;30
437;42.5982408;-5.5716928;42.5982777;-5.5717323;30
438;42.5982777;-5.5717323;42.598321;-5.5718129;30
439;42.598321;-5.5718129;42.5983337;-5.5718421;30
440;42.5982888;-5.5719759;42.5982818;-5.5720181;30
441;42.5982818;-5.5720181;42.5982698;-5.572058;30
442;42.5982698;-5.572058;42.5982555;-5.5720901;30
443;42.5982555;-5.5720901;42.598238;-5.5721191;30
444;42.598238;-5.5721191;42.5982063;-5.5721557;30
445;42.5982063;-5.5721557;42.5981695;-5.572182;30
446;42.5981695;-5.572182;42.5981293;-5.572197;30
447;42.5981293;-5.572197;42.598081;-5.5722282;30
448;42.598081;-5.5722282;42.5980487;-5.5722341;30
449;42.5980487;-5.5722341;42.5978493;-5.5722168;30
450;42.5978493;-5.5722168;42.5977881;-5.5722097;30
451;42.5981293;-5.572197;42.5980807;-5.5721992;30
452;42.5980807;-5.5721992;42.5980333;-5.5721846;30
453;42.5980333;-5.5721846;42.5979901;-5.5721543;30
454;42.5979901;-5.5721543;42.5979538;-5.5721102;30
455;42.5979538;-5.5721102;42.597927;-5.5720551;30
456;42.597927;-5.5720551;42.5979134;-5.5720055;30
457;42.5979134;-5.5720055;42.5979074;-5.5719532;30
458;42.5979074;-5.5719532;42.5979094;-5.5719003;30
459;42.607665;-5.5843331;42.608125;-5.5846305;30
460;42.608125;-5.5846305;42.6081932;-5.5846693;30
461;42.6084074;-5.5848314;42.6084946;-5.5848358;30
462;42.6084946;-5.5848358;42.6085761;-5.5848782;30
463;42.5944422;-5.5721865;42.5943515;-5.5722127;30
464;42.5938278;-5.5722761;42.5938607;-5.5718183;30
465;42.5939231;-5.5722906;42.5938278;-5.5722761;50
466;42.5974348;-5.5719931;42.5974433;-5.5719575;30
467;42.5974433;-5.5719575;42.597464;-5.5718704;30
468;42.597464;-5.5718704;42.597585;-5.5713765;30
469;42.597585;-5.5713765;42.5976968;-5.5709165;30
470;42.5976968;-5.5709165;42.5971139;-5.5706911;30
471;42.5971139;-5.5706911;42.5969233;-5.5714796;30
472;42.5969233;-5.5714796;42.5969009;-5.5715723;30
473;42.5969009;-5.5715723;42.5968902;-5.5716165;30
474;42.5974348;-5.5719931;42.5969939;-5.5716879;30
475;42.5969939;-5.5716879;42.5969612;-5.5716662;30
476;42.5969612;-5.5716662;42.5968902;-5.5716165;30
477;42.5974348;-5.5719931;42.5976678;-5.572149;30
478;42.5976678;-5.572149;42.5977236;-5.5721785;30
479;42.5977236;-5.5721785;42.597741;-5.5721877;30
480;42.5979386;-5.571797;42.5979347;-5.5717789;20
481;42.5979347;-5.5717789;42.5979345;-5.5717138;20
482;42.5979345;-5.5717138;42.5979379;-5.571613;20
483;42.5979379;-5.571613;42.597951;-5.5715137;20
484;42.597951;-5.5715137;42.5979647;-5.5714312;20
485;42.5979647;-5.5714312;42.597968;-5.5714112;20
486;42.5979386;-5.571797;42.5979688;-5.5717485;30
487;42.5979688;-5.5717485;42.5980069;-5.5717114;30
488;42.5980069;-5.5717114;42.5980504;-5.5716879;30
489;42.5980504;-5.5716879;42.5980968;-5.5716794;30
490;42.5925974;-5.561451;42.5925286;-5.5615255;30
491;42.5925286;-5.5615255;42.5918245;-5.5622885;30
492;42.5918245;-5.5622885;42.5917521;-5.562367;30
493;42.5925974;-5.561451;42.5926601;-5.5613803;30
494;42.5926601;-5.5613803;42.5928737;-5.561146;30
495;42.5928737;-5.561146;42.5929421;-5.5610727;30
496;42.5929421;-5.5610727;42.5930767;-5.5609285;30
497;42.5930767;-5.5609285;42.5931518;-5.5608494;30
498;42.5922274;-5.5608246;42.59227;-5.5609028;30
499;42.59227;-5.5609028;42.5925373;-5.5613491;30
500;42.5925373;-5.5613491;42.5925974;-5.561451;30
501;42.5922274;-5.5608246;42.5922988;-5.5607483;30
502;42.5922988;-5.5607483;42.5927202;-5.5602965;30
503;42.5927202;-5.5602965;42.5927657;-5.5602442;30
504;42.5922274;-5.5608246;42.592161;-5.5608993;30
505;42.592161;-5.5608993;42.5920586;-5.561007;30
506;42.5920586;-5.561007;42.5914821;-5.5616178;30
507;42.5914821;-5.5616178;42.591391;-5.5617259;30
508;42.594002;-5.5599188;42.5940813;-5.5598367;30
509;42.594002;-5.5599188;42.5938085;-5.5601348;30
510;42.5938085;-5.5601348;42.5931518;-5.5608494;30
511;42.5917521;-5.562367;42.5916924;-5.5622473;30
512;42.5916924;-5.5622473;42.5914365;-5.5618222;30
513;42.5914365;-5.5618222;42.5914075;-5.5617629;30
514;42.5914075;-5.5617629;42.591391;-5.5617259;30
515;42.5917521;-5.562367;42.5918245;-5.5622885;30
516;42.5918245;-5.5622885;42.5925286;-5.5615255;30
517;42.5925286;-5.5615255;42.5925974;-5.561451;30
518;42.5917521;-5.562367;42.5915191;-5.5626149;30
519;42.5915191;-5.5626149;42.5914074;-5.5627353;30
520;42.5914074;-5.5627353;42.5913746;-5.5627692;30
521;42.5913746;-5.5627692;42.5912836;-5.5628632;30
522;42.5912836;-5.5628632;42.5912564;-5.5628929;30
523;42.5912564;-5.5628929;42.5912236;-5.5629267;30
524;42.5914074;-5.5627353;42.5915191;-5.5626149;30
525;42.5915191;-5.5626149;42.5917521;-5.562367;30
526;42.591391;-5.5617259;42.5914821;-5.5616178;30
527;42.5914821;-5.5616178;42.5920586;-5.561007;30
528;42.5920586;-5.561007;42.592161;-5.5608993;30
529;42.592161;-5.5608993;42.5922274;-5.5608246;30
530;42.5931518;-5.5608494;42.5930767;-5.5609285;30
531;42.5930767;-5.5609285;42.5929421;-5.5610727;30
532;42.5929421;-5.5610727;42.5928737;-5.561146;30
533;42.5928737;-5.561146;42.5926601;-5.5613803;30
534;42.5926601;-5.5613803;42.5925974;-5.561451;30
535;42.5931518;-5.5608494;42.5930875;-5.5607492;30
536;42.5930875;-5.5607492;42.5928156;-5.5603289;30
537;42.5928156;-5.5603289;42.5927657;-5.5602442;30
538;42.5931518;-5.5608494;42.5938085;-5.5601348;30
539;42.5938085;-5.5601348;42.594002;-5.5599188;30
540;42.5927657;-5.5602442;42.5927202;-5.5602965;30
541;42.5927202;-5.5602965;42.5922988;-5.5607483;30
542;42.5922988;-5.5607483;42.5922274;-5.5608246;30
543;42.5927657;-5.5602442;42.592845;-5.5601558;30
544;42.592845;-5.5601558;42.5934088;-5.5595474;30
545;42.5934088;-5.5595474;42.5935245;-5.5594226;30
546;42.5936716;-5.5588021;42.5937646;-5.5589129;30
547;42.5936716;-5.5588021;42.5937232;-5.5590608;30
548;42.5937232;-5.5590608;42.5937293;-5.5591058;30
549;42.6004236;-5.5813481;42.600385;-5.5814315;50
550;42.6004236;-5.5813481;42.6007026;-5.5815914;30
551;42.6007026;-5.5815914;42.6007503;-5.5816213;30
552;42.6007503;-5.5816213;42.6008035;-5.5816457;30
553;42.6008035;-5.5816457;42.6008616;-5.5816492;30
554;42.6008616;-5.5816492;42.6009144;-5.5816342;30
555;42.6009144;-5.5816342;42.6009443;-5.5816191;30
556;42.6009443;-5.5816191;42.6009709;-5.5815978;30
557;42.6009709;-5.5815978;42.6009987;-5.5815729;30
558;42.6009987;-5.5815729;42.6010207;-5.5815379;30
559;42.6010207;-5.5815379;42.6010635;-5.5814541;30
560;42.6010635;-5.5814541;42.6011803;-5.5811222;30
561;42.6011803;-5.5811222;42.6011936;-5.5810844;30
562;42.6011936;-5.5810844;42.6012811;-5.5808787;30
563;42.5979389;-5.5791019;42.5978454;-5.5791289;30
564;42.5979389;-5.5791019;42.5982876;-5.5794111;30
565;42.5982876;-5.5794111;42.5984306;-5.5795401;30
566;42.5984306;-5.5795401;42.5985245;-5.5796256;30
567;42.5985245;-5.5796256;42.5987228;-5.5798056;30
568;42.5976543;-5.5788359;42.5979389;-5.5791019;30
569;42.5997044;-5.5808081;42.5997419;-5.5807305;30
570;42.5997044;-5.5808081;42.5994938;-5.5806199;30
571;42.5994938;-5.5806199;42.5991576;-5.5803266;30
572;42.5991576;-5.5803266;42.5991228;-5.5802952;30
573;42.5991228;-5.5802952;42.5989927;-5.5801781;30
574;42.5989927;-5.5801781;42.5987388;-5.579937;30
575;42.5987388;-5.579937;42.5986507;-5.5798632;30
576;42.5997419;-5.5807305;42.5999464;-5.580917;30
577;42.5997419;-5.5807305;42.5997719;-5.580669;30
578;42.5997719;-5.580669;42.5998211;-5.5805833;30
579;42.5998211;-5.5805833;42.5998789;-5.5805146;30
580;42.5915231;-5.5711976;42.5922681;-5.57108;30
581;42.5922681;-5.57108;42.5924143;-5.571057;30
582;42.5924143;-5.571057;42.5927483;-5.5709909;30
583;42.5927483;-5.5709909;42.5927791;-5.5709848;30
584;42.5927791;-5.5709848;42.5929045;-5.5709752;30
585;42.5929045;-5.5709752;42.5932952;-5.5708167;30
586;42.5932952;-5.5708167;42.5936804;-5.570642;30
587;42.5936804;-5.570642;42.5937168;-5.5706276;30
588;42.5937168;-5.5706276;42.5937439;-5.5706173;30
589;42.5937439;-5.5706173;42.5938628;-5.5705688;30
590;42.5925605;-5.5670633;42.5923636;-5.5665566;30
591;42.5923636;-5.5665566;42.5923488;-5.5665174;30
592;42.5923488;-5.5665174;42.5922522;-5.5662504;30
593;42.5925605;-5.5670633;42.592781;-5.5676673;30
594;42.592781;-5.5676673;42.5928158;-5.5677627;30
595;42.5928158;-5.5677627;42.5928885;-5.5679626;30
596;42.5928885;-5.5679626;42.5928956;-5.567982;30
597;42.5928956;-5.567982;42.5929493;-5.5681324;30
598;42.5929493;-5.5681324;42.593021;-5.5683161;30
599;42.5994651;-5.5729315;42.5995917;-5.5730465;30
600;42.5995917;-5.5730465;42.5999556;-5.5733769;30
601;42.5999556;-5.5733769;42.6001063;-5.5735196;30
602;42.6001063;-5.5735196;42.6001392;-5.5735552;30
603;42.6001392;-5.5735552;42.6002182;-5.5736223;30
604;42.5992093;-5.5727055;42.599397;-5.5728692;30
605;42.599397;-5.5728692;42.5994651;-5.5729315;30
606;42.6028006;-5.5759604;42.6029388;-5.5760833;30
607;42.6029388;-5.5760833;42.6030829;-5.5762093;30
608;42.6030829;-5.5762093;42.6033461;-5.5764456;30
609;42.6033461;-5.5764456;42.6033869;-5.5764765;30
610;42.6033869;-5.5764765;42.6034241;-5.5765113;30
611;42.5963011;-5.5712204;42.5964672;-5.5713149;30
612;42.5964672;-5.5713149;42.5964993;-5.5713345;30
613;42.597968;-5.5714112;42.5979718;-5.5714752;20
614;42.5979718;-5.5714752;42.5979892;-5.5715174;20
615;42.5979892;-5.5715174;42.5979988;-5.5715405;20
616;42.5979988;-5.5715405;42.5980449;-5.5716039;20
617;42.5980449;-5.5716039;42.5980968;-5.5716794;20
618;42.6052169;-5.5780745;42.6052573;-5.5781406;30
619;42.6052573;-5.5781406;42.6052745;-5.5782078;30
620;42.6052745;-5.5782078;42.6052803;-5.5782882;30
621;42.6052803;-5.5782882;42.6052739;-5.578363;30
622;42.6052169;-5.5780745;42.6053179;-5.5781571;30
623;42.6053179;-5.5781571;42.6053532;-5.5781866;30
624;42.6053532;-5.5781866;42.6053854;-5.5782306;30
625;42.607792;-5.5804357;42.6078432;-5.5804749;10
626;42.6078432;-5.5804749;42.6079199;-5.5805336;10
627;42.6079199;-5.5805336;42.608075;-5.5806525;10
628;42.608075;-5.5806525;42.6081192;-5.5807013;10
629;42.5940813;-5.5598367;42.594002;-5.5599188;30
630;42.5988188;-5.5723716;42.5992093;-5.5727055;30
631;42.594773;-5.5720964;42.5946037;-5.5721445;30
632;42.5946037;-5.5721445;42.5945649;-5.5721546;30
633;42.5945649;-5.5721546;42.5944422;-5.5721865;30
634;42.594773;-5.5720964;42.594806;-5.5721967;30
635;42.594806;-5.5721967;42.5951509;-5.573246;30
636;42.5951509;-5.573246;42.595183;-5.5733436;30
637;42.59469;-5.572889;42.5945045;-5.5723602;30
638;42.5945045;-5.5723602;42.594484;-5.5723031;30
639;42.594484;-5.5723031;42.5944422;-5.5721865;30
640;42.5939034;-5.5590881;42.593929;-5.5591984;30
641;42.593929;-5.5591984;42.5940148;-5.5595935;30
642;42.5940148;-5.5595935;42.5940813;-5.5598367;30
643;42.6069511;-5.5840934;42.6068662;-5.5840426;30
644;42.6068662;-5.5840426;42.6065389;-5.5838071;30
645;42.6065389;-5.5838071;42.606519;-5.5837964;30
646;42.6075609;-5.5844818;42.6073349;-5.5843378;30
647;42.6073349;-5.5843378;42.6071883;-5.5842444;30
648;42.6071883;-5.5842444;42.6069511;-5.5840934;30
649;42.606519;-5.5837964;42.6062652;-5.5835148;30
650;42.606519;-5.5837964;42.6063824;-5.5838077;30
651;42.6063824;-5.5838077;42.6062775;-5.583878;30
652;42.6076911;-5.5803507;42.6077276;-5.5803878;10
653;42.6077276;-5.5803878;42.607754;-5.5804075;10
654;42.607754;-5.5804075;42.607792;-5.5804357;10
655;42.6106001;-5.5861821;42.6106935;-5.5862337;30
656;42.6106935;-5.5862337;42.6109812;-5.5864188;30
657;42.6108944;-5.5865799;42.6106635;-5.5864333;30
658;42.6108944;-5.5865799;42.6107708;-5.5866103;30
659;42.6107708;-5.5866103;42.610692;-5.5867217;30
660;42.6109812;-5.5864188;42.6112385;-5.5865828;30
661;42.6109812;-5.5864188;42.6111067;-5.5863656;30
662;42.6111067;-5.5863656;42.6111845;-5.5862366;30
663;42.5943515;-5.5722127;42.5941494;-5.5721998;30
664;42.5941494;-5.5721998;42.5940713;-5.5721624;30
665;42.5940713;-5.5721624;42.5940343;-5.5721446;30
666;42.5940343;-5.5721446;42.5939338;-5.572027;30
667;42.5943515;-5.5722127;42.5941595;-5.5722958;30
668;42.5941595;-5.5722958;42.5940727;-5.572303;30
669;42.5940727;-5.572303;42.5940323;-5.5723064;30
670;42.5940323;-5.5723064;42.5939231;-5.5722906;30
671;42.6052461;-5.5814051;42.6054991;-5.5818467;30
672;42.6139773;-5.5893515;42.61403;-5.5893852;30
673;42.61403;-5.5893852;42.6140668;-5.5894104;30
674;42.6140668;-5.5894104;42.614112;-5.5894556;30
675;42.6136662;-5.5893127;42.6134397;-5.5890801;30
676;42.6134397;-5.5890801;42.6131909;-5.5888246;30
677;42.5935245;-5.5594226;42.5935799;-5.5592859;30
678;42.5935245;-5.5594226;42.5934088;-5.5595474;30
679;42.5934088;-5.5595474;42.592845;-5.5601558;30
680;42.592845;-5.5601558;42.5927657;-5.5602442;30
681;42.6318388;-5.599587;42.6316334;-5.5995731;50
682;42.6318388;-5.599587;42.6318009;-5.5995366;50
683;42.6318009;-5.5995366;42.6317781;-5.5994716;50
684;42.6320718;-5.5994699;42.6320466;-5.5995405;50
685;42.6320466;-5.5995405;42.6320037;-5.5995933;50
686;42.6320037;-5.5995933;42.6319495;-5.5996205;50
687;42.6319495;-5.5996205;42.6318918;-5.5996184;50
688;42.6318918;-5.5996184;42.6318388;-5.599587;50
689;42.6317781;-5.5994716;42.6317711;-5.5994191;50
690;42.6317711;-5.5994191;42.631772;-5.5993693;50
691;42.631772;-5.5993693;42.6317881;-5.5993179;50
692;42.6317881;-5.5993179;42.6318141;-5.5992745;50
693;42.6318141;-5.5992745;42.6318555;-5.5992323;50
694;42.6318555;-5.5992323;42.6318287;-5.5991865;50
695;42.6318287;-5.5991865;42.631802;-5.5991407;50
696;42.631802;-5.5991407;42.6317272;-5.5990676;50
697;42.6317272;-5.5990676;42.6316234;-5.5989874;50
698;42.6316234;-5.5989874;42.6313315;-5.598798;50
699;42.6313315;-5.598798;42.6312892;-5.5987705;50
700;42.6312892;-5.5987705;42.6309589;-5.5985522;50
701;42.6309589;-5.5985522;42.6307444;-5.5984183;50
702;42.6307444;-5.5984183;42.6305123;-5.5983196;50
703;42.6305123;-5.5983196;42.6295759;-5.5980774;50
704;42.6295759;-5.5980774;42.628599;-5.5978325;50
705;42.628599;-5.5978325;42.6283034;-5.5977472;50
706;42.6318555;-5.5992323;42.6318969;-5.5992131;50
707;42.6318969;-5.5992131;42.6319405;-5.5992107;50
708;42.6319405;-5.5992107;42.6319829;-5.5992252;50
709;42.6319829;-5.5992252;42.6320985;-5.599067;30
710;42.6319829;-5.5992252;42.6320205;-5.5992556;50
711;42.6320205;-5.5992556;42.6320502;-5.5992991;50
712;42.6320502;-5.5992991;42.6320695;-5.5993524;50
713;42.6320695;-5.5993524;42.6320769;-5.5994109;50
714;42.6320769;-5.5994109;42.6320718;-5.5994699;50
715;42.6164674;-5.5931344;42.6165555;-5.5932216;30
716;42.6164674;-5.5931344;42.6165868;-5.5929176;30
717;42.6165868;-5.5929176;42.6169923;-5.5922044;30
718;42.6169923;-5.5922044;42.6170596;-5.5920805;30
719;42.6164674;-5.5931344;42.6164412;-5.5931101;30
720;42.6164412;-5.5931101;42.6162876;-5.5929679;30
721;42.6162876;-5.5929679;42.616226;-5.5929092;30
722;42.616226;-5.5929092;42.6149839;-5.5917311;30
723;42.6149839;-5.5917311;42.6148181;-5.5915738;30
724;42.6148181;-5.5915738;42.6146272;-5.5913927;30
725;42.6146272;-5.5913927;42.6143469;-5.5911433;30
726;42.6143469;-5.5911433;42.6142753;-5.5910654;30
727;42.6142753;-5.5910654;42.6142412;-5.5910148;30
728;42.6142412;-5.5910148;42.6142072;-5.5909642;30
729;42.6209767;-5.5968958;42.6209739;-5.5968739;30
730;42.6209739;-5.5968739;42.6209752;-5.5968519;30
731;42.6209752;-5.5968519;42.6209805;-5.5968309;30
732;42.6209805;-5.5968309;42.6209905;-5.5968105;30
733;42.6209905;-5.5968105;42.6210042;-5.5967945;30
734;42.6210042;-5.5967945;42.6210206;-5.5967842;30
735;42.6171474;-5.5921662;42.6170596;-5.5920805;30
736;42.6171474;-5.5921662;42.6171778;-5.5922001;30
737;42.6171778;-5.5922001;42.6172321;-5.5922565;30
738;42.6172321;-5.5922565;42.6173333;-5.592361;30
739;42.6173333;-5.592361;42.6174671;-5.5925004;30
740;42.6174671;-5.5925004;42.618389;-5.5934571;30
741;42.618389;-5.5934571;42.6187736;-5.5938552;30
742;42.6187736;-5.5938552;42.6188783;-5.5939636;30
743;42.6171474;-5.5921662;42.6170769;-5.5922921;30
744;42.6170769;-5.5922921;42.6166752;-5.5930117;30
745;42.6166752;-5.5930117;42.6165555;-5.5932216;30
746;42.6188783;-5.5939636;42.6187736;-5.5938552;30
747;42.6187736;-5.5938552;42.618389;-5.5934571;30
748;42.618389;-5.5934571;42.6174671;-5.5925004;30
749;42.6174671;-5.5925004;42.6173333;-5.592361;30
750;42.6173333;-5.592361;42.6172321;-5.5922565;30
751;42.6172321;-5.5922565;42.6171778;-5.5922001;30
752;42.6171778;-5.5922001;42.6171474;-5.5921662;30
753;42.6188783;-5.5939636;42.6188984;-5.5939275;30
754;42.6188984;-5.5939275;42.6189767;-5.5937872;30
755;42.6189767;-5.5937872;42.6191122;-5.5935479;30
756;42.6191122;-5.5935479;42.6193959;-5.5930467;30
757;42.6193959;-5.5930467;42.619905;-5.5921514;30
758;42.619905;-5.5921514;42.6201095;-5.591792;30
759;42.6201095;-5.591792;42.6202893;-5.5914759;30
760;42.6202893;-5.5914759;42.620296;-5.5914656;30
761;42.620296;-5.5914656;42.6203006;-5.5914586;30
762;42.6203006;-5.5914586;42.6203153;-5.5914396;30
763;42.6203153;-5.5914396;42.62032;-5.5914337;30
764;42.6316334;-5.5995731;42.6317289;-5.5995143;30
765;42.6317289;-5.5995143;42.6317781;-5.5994716;30
766;42.6211041;-5.5968495;42.6211057;-5.5968762;30
767;42.6211057;-5.5968762;42.6211015;-5.5969023;30
768;42.6213683;-5.5961443;42.6213059;-5.5962565;30
769;42.6213059;-5.5962565;42.6212203;-5.5964208;30
770;42.6213683;-5.5961443;42.6217049;-5.5955359;30
771;42.6217049;-5.5955359;42.6217728;-5.5954154;30
772;42.6210206;-5.5967842;42.621035;-5.5967132;30
773;42.621035;-5.5967132;42.621097;-5.5965102;30
774;42.621097;-5.5965102;42.6211101;-5.5964863;30
775;42.6211101;-5.5964863;42.6211251;-5.5964722;30
776;42.6211251;-5.5964722;42.6212203;-5.5964208;30
777;42.6210206;-5.5967842;42.6210424;-5.5967803;30
778;42.6210424;-5.5967803;42.6210639;-5.5967864;30
779;42.6210639;-5.5967864;42.6210827;-5.5968017;30
780;42.6210827;-5.5968017;42.6210957;-5.5968201;30
781;42.6210957;-5.5968201;42.6211041;-5.5968495;30
782;42.6170596;-5.5920805;42.6171474;-5.5921662;30
783;42.6170596;-5.5920805;42.617035;-5.5920539;30
784;42.617035;-5.5920539;42.6169797;-5.5919941;30
785;42.6169797;-5.5919941;42.6164369;-5.5914313;30
786;42.6164369;-5.5914313;42.6159188;-5.5908936;30
787;42.6159188;-5.5908936;42.615407;-5.5903625;30
788;42.615407;-5.5903625;42.6151691;-5.5901156;30
789;42.6151691;-5.5901156;42.6150624;-5.5900201;30
790;42.6165555;-5.5932216;42.6164674;-5.5931344;30
791;42.6165555;-5.5932216;42.6165798;-5.5932444;30
792;42.6165798;-5.5932444;42.6167234;-5.5933796;30
793;42.6167234;-5.5933796;42.6169253;-5.5935695;30
794;42.6169253;-5.5935695;42.6193666;-5.5958657;30
795;42.6193666;-5.5958657;42.619401;-5.5958956;30
796;42.619401;-5.5958956;42.6194353;-5.5959254;30
797;42.6194353;-5.5959254;42.6195032;-5.5960009;30
798;42.6195032;-5.5960009;42.6195157;-5.596036;30
799;42.6195157;-5.596036;42.6195256;-5.5960747;30
800;42.6284901;-5.5979958;42.6284108;-5.5978997;30
801;42.6284108;-5.5978997;42.6284012;-5.5978881;30
802;42.6284012;-5.5978881;42.6283559;-5.5978213;30
803;42.6283559;-5.5978213;42.6283034;-5.5977472;30
804;42.6217728;-5.5954154;42.6217049;-5.5955359;30
805;42.6217049;-5.5955359;42.6213683;-5.5961443;30
806;42.6217728;-5.5954154;42.622268;-5.5945113;30
807;42.622268;-5.5945113;42.6223808;-5.5943077;30
808;42.6223808;-5.5943077;42.6224959;-5.5941;30
809;42.6224959;-5.5941;42.6225064;-5.5940808;30
810;42.6225064;-5.5940808;42.6225375;-5.5940243;30
811;42.6225375;-5.5940243;42.6225064;-5.5940808;30
812;42.6225064;-5.5940808;42.6224959;-5.5941;30
813;42.6224959;-5.5941;42.6223808;-5.5943077;30
814;42.6223808;-5.5943077;42.622268;-5.5945113;30
815;42.622268;-5.5945113;42.6217728;-5.5954154;30
816;42.6225375;-5.5940243;42.6226771;-5.5941963;50
817;42.6226771;-5.5941963;42.6231625;-5.594768;50
818;42.6231625;-5.594768;42.6233855;-5.5949766;50
819;42.6233855;-5.5949766;42.6235401;-5.5951024;50
820;42.6235401;-5.5951024;42.6238386;-5.5952786;50
821;42.6238386;-5.5952786;42.6245937;-5.5957065;50
822;42.6245937;-5.5957065;42.6254819;-5.5961848;50
823;42.6254819;-5.5961848;42.6263758;-5.5967;50
824;42.6263758;-5.5967;42.6265167;-5.5967815;50
825;42.6265167;-5.5967815;42.6265586;-5.5968056;50
826;42.6265586;-5.5968056;42.626614;-5.5968376;50
827;42.626614;-5.5968376;42.6273404;-5.5972403;50
828;42.6273404;-5.5972403;42.6279923;-5.5975978;50
829;42.6279923;-5.5975978;42.6283034;-5.5977472;50
830;42.6225375;-5.5940243;42.6221053;-5.5934893;50
831;42.6221053;-5.5934893;42.6219137;-5.5932504;50
832;42.6212203;-5.5964208;42.6211957;-5.5965134;30
833;42.6211957;-5.5965134;42.6211231;-5.5967626;30
834;42.6211231;-5.5967626;42.6211041;-5.5968495;30
835;42.6212203;-5.5964208;42.6213059;-5.5962565;30
836;42.6213059;-5.5962565;42.6213683;-5.5961443;30
837;42.621066;-5.5969524;42.6210444;-5.5969595;30
838;42.6210444;-5.5969595;42.6210224;-5.5969565;30
839;42.6210224;-5.5969565;42.6210023;-5.5969438;30
840;42.6210023;-5.5969438;42.6209865;-5.5969228;30
841;42.6209865;-5.5969228;42.6209767;-5.5968958;30
842;42.6142072;-5.5909642;42.6142412;-5.5910148;30
843;42.6142412;-5.5910148;42.6142753;-5.5910654;30
844;42.6142753;-5.5910654;42.6143469;-5.5911433;30
845;42.6143469;-5.5911433;42.6146272;-5.5913927;30
846;42.6146272;-5.5913927;42.6148181;-5.5915738;30
847;42.6148181;-5.5915738;42.6149839;-5.5917311;30
848;42.6149839;-5.5917311;42.616226;-5.5929092;30
849;42.616226;-5.5929092;42.6162876;-5.5929679;30
850;42.6162876;-5.5929679;42.6164412;-5.5931101;30
851;42.6164412;-5.5931101;42.6164674;-5.5931344;30
852;42.6142072;-5.5909642;42.6142091;-5.5909096;30
853;42.6142091;-5.5909096;42.6142074;-5.5908612;30
854;42.6142074;-5.5908612;42.6141914;-5.5907608;30
855;42.6141914;-5.5907608;42.6140953;-5.5901009;30
856;42.6140953;-5.5901009;42.6141047;-5.5899652;30
857;42.6141047;-5.5899652;42.6141082;-5.5899145;30
858;42.6283034;-5.5977472;42.6279923;-5.5975978;50
859;42.6279923;-5.5975978;42.6273404;-5.5972403;50
860;42.6273404;-5.5972403;42.626614;-5.5968376;50
861;42.626614;-5.5968376;42.6265586;-5.5968056;50
862;42.6265586;-5.5968056;42.6265167;-5.5967815;50
863;42.6265167;-5.5967815;42.6263758;-5.5967;50
864;42.6263758;-5.5967;42.6254819;-5.5961848;50
865;42.6254819;-5.5961848;42.6245937;-5.5957065;50
866;42.6245937;-5.5957065;42.6238386;-5.5952786;50
867;42.6238386;-5.5952786;42.6235401;-5.5951024;50
868;42.6235401;-5.5951024;42.6233855;-5.5949766;50
869;42.6233855;-5.5949766;42.6231625;-5.594768;50
870;42.6231625;-5.594768;42.6226771;-5.5941963;50
871;42.6226771;-5.5941963;42.6225375;-5.5940243;50
872;42.6283034;-5.5977472;42.628599;-5.5978325;50
873;42.628599;-5.5978325;42.6295759;-5.5980774;50
874;42.6295759;-5.5980774;42.6305123;-5.5983196;50
875;42.6305123;-5.5983196;42.6307444;-5.5984183;50
876;42.6307444;-5.5984183;42.6309589;-5.5985522;50
877;42.6309589;-5.5985522;42.6312892;-5.5987705;50
878;42.6312892;-5.5987705;42.6313315;-5.598798;50
879;42.6313315;-5.598798;42.6316234;-5.5989874;50
880;42.6316234;-5.5989874;42.6317272;-5.5990676;50
881;42.6317272;-5.5990676;42.631802;-5.5991407;50
882;42.631802;-5.5991407;42.6318287;-5.5991865;50
883;42.6318287;-5.5991865;42.6318555;-5.5992323;50
884;42.6142708;-5.5898487;42.614225;-5.5898877;30
885;42.614225;-5.5898877;42.614177;-5.5899125;30
886;42.614177;-5.5899125;42.6141082;-5.5899145;30
887;42.6142708;-5.5898487;42.6143074;-5.5898666;30
888;42.6143074;-5.5898666;42.614484;-5.5899528;30
889;42.614484;-5.5899528;42.6148981;-5.589973;30
890;42.6148981;-5.589973;42.6149744;-5.5899846;30
891;42.6149744;-5.5899846;42.6150188;-5.5899975;30
892;42.6150188;-5.5899975;42.6150624;-5.5900201;30
893;42.6211015;-5.5969023;42.6210931;-5.5969231;30
894;42.6210931;-5.5969231;42.6210809;-5.5969402;30
895;42.6210809;-5.5969402;42.621066;-5.5969524;30
896;42.6150624;-5.5900201;42.6151691;-5.5901156;30
897;42.6151691;-5.5901156;42.615407;-5.5903625;30
898;42.615407;-5.5903625;42.6159188;-5.5908936;30
899;42.6159188;-5.5908936;42.6164369;-5.5914313;30
900;42.6164369;-5.5914313;42.6169797;-5.5919941;30
901;42.6169797;-5.5919941;42.617035;-5.5920539;30
902;42.617035;-5.5920539;42.6170596;-5.5920805;30
903;42.6150624;-5.5900201;42.6150188;-5.5899975;30
904;42.6150188;-5.5899975;42.6149744;-5.5899846;30
905;42.6149744;-5.5899846;42.6148981;-5.589973;30
906;42.6148981;-5.589973;42.614484;-5.5899528;30
907;42.614484;-5.5899528;42.6143074;-5.5898666;30
908;42.6143074;-5.5898666;42.6142708;-5.5898487;30
909;42.6195256;-5.5960747;42.6195157;-5.596036;30
910;42.6195157;-5.596036;42.6195032;-5.5960009;30
911;42.6195032;-5.5960009;42.6194353;-5.5959254;30
912;42.6194353;-5.5959254;42.619401;-5.5958956;30
913;42.619401;-5.5958956;42.6193666;-5.5958657;30
914;42.6193666;-5.5958657;42.6169253;-5.5935695;30
915;42.6169253;-5.5935695;42.6167234;-5.5933796;30
916;42.6167234;-5.5933796;42.6165798;-5.5932444;30
917;42.6165798;-5.5932444;42.6165555;-5.5932216;30
918;42.6195256;-5.5960747;42.6198323;-5.5962205;30
919;42.6198323;-5.5962205;42.619876;-5.5962437;30
920;42.619876;-5.5962437;42.6208263;-5.5967507;30
921;42.6208263;-5.5967507;42.6209544;-5.5968191;30
922;42.6209544;-5.5968191;42.6209805;-5.5968309;30
923;42.5938628;-5.5705688;42.5937914;-5.5703139;30
924;42.5938628;-5.5705688;42.5939486;-5.5705407;50
925;42.5940271;-5.5705414;42.5940498;-5.5705627;50
926;42.5940498;-5.5705627;42.5940689;-5.5705921;50
927;42.5940689;-5.5705921;42.5940834;-5.5706327;50
928;42.5940834;-5.5706327;42.5940889;-5.5706752;50
929;42.5940889;-5.5706752;42.594083;-5.57073;50
930;42.594083;-5.57073;42.5940631;-5.5707792;50
931;42.5940631;-5.5707792;42.5940317;-5.5708159;50
932;42.5940317;-5.5708159;42.5939976;-5.5708338;50
933;42.5939976;-5.5708338;42.5939736;-5.5708353;50
934;42.5940271;-5.5705414;42.5943096;-5.5705633;30
935;42.5943096;-5.5705633;42.5944333;-5.5705764;30
936;42.5944333;-5.5705764;42.5944593;-5.5705791;30
937;42.5944593;-5.5705791;42.5944975;-5.5705876;30
938;42.5944975;-5.5705876;42.5947402;-5.5706207;30
939;42.5947402;-5.5706207;42.5948347;-5.5706315;30
940;42.5948347;-5.5706315;42.5951071;-5.570679;30
941;42.5951071;-5.570679;42.5953326;-5.5707447;30
942;42.5953326;-5.5707447;42.5958795;-5.5710058;30
943;42.5958795;-5.5710058;42.5959191;-5.5710276;30
944;42.5959191;-5.5710276;42.5959882;-5.5710642;30
945;42.5937914;-5.5703139;42.5938782;-5.5704101;30
946;42.5937914;-5.5703139;42.5937784;-5.5702846;30
947;42.5937784;-5.5702846;42.5937468;-5.5702131;30
948;42.5937468;-5.5702131;42.593732;-5.5701742;30
949;42.593732;-5.5701742;42.593432;-5.569384;30
950;42.593432;-5.569384;42.5931233;-5.5685777;30
951;42.5931233;-5.5685777;42.593021;-5.5683161;30
952;42.6081932;-5.5846693;42.6083582;-5.58475;30
953;42.5963554;-5.578387;42.5963062;-5.5783899;30
954;42.5963062;-5.5783899;42.5962378;-5.5783693;30
955;42.5962378;-5.5783693;42.596213;-5.578349;30
956;42.596213;-5.578349;42.5961743;-5.5783076;30
957;42.5961743;-5.5783076;42.5961428;-5.5782526;30
958;42.5961428;-5.5782526;42.5961221;-5.5781888;30
959;42.5937646;-5.5589129;42.5939034;-5.5590881;30
960;42.5937646;-5.5589129;42.5938048;-5.5589156;30
961;42.5938048;-5.5589156;42.5938407;-5.558904;30
962;42.5938407;-5.558904;42.5938667;-5.558873;30
963;42.5938667;-5.558873;42.5939073;-5.5587577;30
964;42.5939338;-5.572027;42.5939231;-5.5722906;30
965;42.5939338;-5.572027;42.5938607;-5.5718183;30
966;42.5939338;-5.572027;42.5939012;-5.5721758;50
967;42.5939012;-5.5721758;42.5938772;-5.5722202;50
968;42.5938772;-5.5722202;42.5938278;-5.5722761;50
969;42.5961166;-5.5780292;42.5961701;-5.577839;30
970;42.5961701;-5.577839;42.5962107;-5.5777124;30
971;42.5938607;-5.5718183;42.5938726;-5.5715813;30
972;42.5938726;-5.5715813;42.59389;-5.5709765;30
973;42.59389;-5.5709765;42.5938901;-5.5709256;30
974;42.5938901;-5.5709256;42.5938875;-5.5708348;30
975;42.5908556;-5.5632247;42.5909366;-5.5632181;50
976;42.5908556;-5.5632247;42.5909277;-5.5631744;30
977;42.5908992;-5.5627588;42.5910426;-5.5631037;50
978;42.5908992;-5.5627588;42.5910075;-5.5628578;30
979;42.5910075;-5.5628578;42.5911061;-5.5628986;30
980;42.5911061;-5.5628986;42.5911896;-5.5629185;30
981;42.5911896;-5.5629185;42.5912236;-5.5629267;30
982;42.5911104;-5.5632542;42.5912029;-5.5634418;30
983;42.5912236;-5.5629267;42.5910977;-5.5631095;30
984;42.5910977;-5.5631095;42.591097;-5.5631624;30
985;42.591097;-5.5631624;42.5911104;-5.5632542;30
986;42.5912236;-5.5629267;42.5912564;-5.5628929;30
987;42.5912564;-5.5628929;42.5912836;-5.5628632;30
988;42.5912836;-5.5628632;42.5913746;-5.5627692;30
989;42.5913746;-5.5627692;42.5914074;-5.5627353;30
990;42.5909277;-5.5631744;42.5910426;-5.5631037;30
991;42.5909277;-5.5631744;42.5909115;-5.5631099;50
992;42.5909115;-5.5631099;42.5908764;-5.5629824;50
993;42.5908764;-5.5629824;42.5908293;-5.5628521;50
994;42.5984288;-5.5720042;42.5986285;-5.5722039;30
995;42.5986285;-5.5722039;42.5988188;-5.5723716;30
996;42.5935799;-5.5592859;42.5936413;-5.559199;30
997;42.5936413;-5.559199;42.5937055;-5.559127;30
998;42.5937055;-5.559127;42.5937293;-5.5591058;30
999;42.5937293;-5.5591058;42.5937591;-5.5590913;30
1000;42.5937591;-5.5590913;42.5937932;-5.5590835;30
1001;42.5937932;-5.5590835;42.5938332;-5.5590908;30
1002;42.5938332;-5.5590908;42.5938689;-5.5591137;30
1003;42.5938689;-5.5591137;42.593929;-5.5591984;30
1004;42.5937293;-5.5591058;42.5937281;-5.559167;30
1005;42.5937281;-5.559167;42.5937179;-5.5592145;30
1006;42.5937179;-5.5592145;42.5936913;-5.5592524;30
1007;42.5936913;-5.5592524;42.5936197;-5.5593314;30
1008;42.5936197;-5.5593314;42.5935245;-5.5594226;30
1009;42.6031849;-5.5794422;42.6032306;-5.5795493;30
1010;42.6032306;-5.5795493;42.6032486;-5.5795777;30
1011;42.6032486;-5.5795777;42.6032931;-5.5796477;30
1012;42.6018546;-5.5748885;42.6018489;-5.5750025;30
1013;42.6018489;-5.5750025;42.6018453;-5.5750189;30
1014;42.6018453;-5.5750189;42.6018294;-5.5750922;30
1015;42.6114626;-5.5869479;42.6111847;-5.586769;30
1016;42.6114626;-5.5869479;42.6112992;-5.5869486;30
1017;42.6112992;-5.5869486;42.6112146;-5.5870635;30
1018;42.6115257;-5.5867659;42.6117272;-5.5869101;30
1019;42.6115257;-5.5867659;42.6115894;-5.5867496;30
1020;42.6115894;-5.5867496;42.6116437;-5.5867148;30
1021;42.6116437;-5.5867148;42.6117078;-5.5865943;30
1022;42.6117078;-5.5865943;42.611687;-5.5867067;30
1023;42.611687;-5.5867067;42.611684;-5.586785;30
1024;42.611684;-5.586785;42.6117075;-5.5868644;30
1025;42.6117075;-5.5868644;42.6117272;-5.5869101;30
1026;42.6120034;-5.5874446;42.6117138;-5.5871511;30
1027;42.6120034;-5.5874446;42.6118589;-5.5874067;30
1028;42.6118589;-5.5874067;42.6117682;-5.587442;30
1029;42.6117682;-5.587442;42.6116957;-5.5875303;30
1030;42.6320985;-5.599067;42.6319829;-5.5992252;30
1031;42.6096308;-5.5823068;42.6096882;-5.5821641;30
1032;42.6096882;-5.5821641;42.6096991;-5.5821371;30
1033;42.6096991;-5.5821371;42.6097316;-5.5820727;30
1034;42.6097316;-5.5820727;42.6097634;-5.5820371;30
1035;42.6096308;-5.5823068;42.6096393;-5.5821259;30
1036;42.6096393;-5.5821259;42.6096363;-5.5820407;30
1037;42.6096363;-5.5820407;42.6096076;-5.5819342;30
1038;42.6096076;-5.5819342;42.6095673;-5.5818799;30
1039;42.6095673;-5.5818799;42.6094619;-5.5817831;30
1040;42.6094619;-5.5817831;42.6081192;-5.5807013;30
1041;42.6095088;-5.5817409;42.6099943;-5.5821515;30
1042;42.6095088;-5.5817409;42.6095744;-5.5818185;30
1043;42.6095744;-5.5818185;42.6096756;-5.581906;30
1044;42.6096756;-5.581906;42.6097336;-5.5819576;30
1045;42.6097336;-5.5819576;42.6097583;-5.5820059;30
1046;42.6097583;-5.5820059;42.6097634;-5.5820371;30
1047;42.6097634;-5.5820371;42.6098108;-5.5820233;30
1048;42.6098108;-5.5820233;42.6099611;-5.5821358;30
1049;42.6099611;-5.5821358;42.6099943;-5.5821515;30
1050;42.6097634;-5.5820371;42.6097711;-5.5820836;30
1051;42.6097711;-5.5820836;42.6097632;-5.5821762;30
1052;42.6097632;-5.5821762;42.6097411;-5.5823053;30
1053;42.6083582;-5.58475;42.6083767;-5.5847741;30
1054;42.6083767;-5.5847741;42.6084074;-5.5848314;30
1055;42.6206576;-5.5916682;42.6205163;-5.5914978;50
1056;42.6206576;-5.5916682;42.6208288;-5.5918697;50
1057;42.6208288;-5.5918697;42.6214545;-5.5926752;50
1058;42.6214545;-5.5926752;42.6217067;-5.5929943;50
1059;42.6217067;-5.5929943;42.6217281;-5.5930214;50
1060;42.6217281;-5.5930214;42.6217366;-5.5930322;50
1061;42.6206576;-5.5916682;42.6205912;-5.5916373;50
1062;42.6205912;-5.5916373;42.6205438;-5.5916186;50
1063;42.6205438;-5.5916186;42.6204876;-5.5915689;50
1064;42.6204876;-5.5915689;42.6204412;-5.5915166;50
1065;42.6204412;-5.5915166;42.6203603;-5.5914111;50
1066;42.5939073;-5.5587577;42.593897;-5.5589362;30
1067;42.593897;-5.5589362;42.5939034;-5.5590881;30
1068;42.5938875;-5.5708348;42.5938611;-5.5708228;50
1069;42.5938611;-5.5708228;42.5938425;-5.5708091;50
1070;42.5938425;-5.5708091;42.5938274;-5.5707918;50
1071;42.5938274;-5.5707918;42.5938175;-5.5707756;50
1072;42.5938175;-5.5707756;42.5938068;-5.5707497;50
1073;42.5938068;-5.5707497;42.5938001;-5.570718;50
1074;42.5938001;-5.570718;42.5937995;-5.5706803;50
1075;42.5937995;-5.5706803;42.5938064;-5.5706443;50
1076;42.5938064;-5.5706443;42.5938163;-5.5706191;50
1077;42.5938163;-5.5706191;42.5938356;-5.5705905;50
1078;42.5938356;-5.5705905;42.5938628;-5.5705688;50
1079;42.5938875;-5.5708348;42.5938765;-5.5706505;30
1080;42.5938765;-5.5706505;42.5938628;-5.5705688;30
1081;42.5939736;-5.5708353;42.5938875;-5.5708348;50
1082;42.5939736;-5.5708353;42.593972;-5.5709307;30
1083;42.593972;-5.5709307;42.5939717;-5.5709788;30
1084;42.5939717;-5.5709788;42.5939402;-5.5717281;30
1085;42.5939402;-5.5717281;42.5939382;-5.5719182;30
1086;42.5939382;-5.5719182;42.5939338;-5.572027;30
1087;42.6111845;-5.5862366;42.6111707;-5.5863772;30
1088;42.6111707;-5.5863772;42.6111999;-5.5865079;30
1089;42.6111999;-5.5865079;42.6112385;-5.5865828;30
1090;42.6105091;-5.5858186;42.6105325;-5.5860124;30
1091;42.6105325;-5.5860124;42.610573;-5.5861246;30
1092;42.610573;-5.5861246;42.6106001;-5.5861821;30
1093;42.600385;-5.5814315;42.6000192;-5.5810981;30
1094;42.6000192;-5.5810981;42.5999089;-5.5809926;30
1095;42.5999089;-5.5809926;42.5997044;-5.5808081;30
1096;42.5976103;-5.5789195;42.5976543;-5.5788359;50
1097;42.5976103;-5.5789195;42.5975292;-5.5788469;30
1098;42.5975292;-5.5788469;42.5968298;-5.5782096;30
1099;42.5968298;-5.5782096;42.5967693;-5.5781766;30
1100;42.5967693;-5.5781766;42.5966715;-5.5781747;30
1101;42.5966715;-5.5781747;42.5965252;-5.5781705;30
1102;42.5978454;-5.5791289;42.5976103;-5.5789195;30
1103;42.5986507;-5.5798632;42.5984619;-5.579688;30
1104;42.5984619;-5.579688;42.5978454;-5.5791289;30
1105;42.5964993;-5.5713345;42.596784;-5.5715163;30
1106;42.596784;-5.5715163;42.5968224;-5.5715654;30
1107;42.5964993;-5.5713345;42.5965394;-5.5714117;30
1108;42.5965394;-5.5714117;42.5965374;-5.5715297;30
1109;42.5965374;-5.5715297;42.5965284;-5.5715694;30
1110;42.5965284;-5.5715694;42.5964854;-5.571621;30
1111;42.6037741;-5.5768245;42.6040504;-5.5770769;30
1112;42.6040504;-5.5770769;42.6040889;-5.5771113;30
1113;42.6086956;-5.5853016;42.6087187;-5.5854052;30
1114;42.6087187;-5.5854052;42.6087603;-5.5855056;30
1115;42.6087603;-5.5855056;42.6087942;-5.5855537;30
1116;42.6087942;-5.5855537;42.6088385;-5.5856017;30
1117;42.6088385;-5.5856017;42.6093311;-5.5859122;30
1118;42.6093311;-5.5859122;42.6094157;-5.5859635;30
1119;42.6094157;-5.5859635;42.6094967;-5.5860023;30
1120;42.6094967;-5.5860023;42.6095772;-5.5860399;30
1121;42.6095772;-5.5860399;42.6096577;-5.5860633;30
1122;42.6096577;-5.5860633;42.6097688;-5.5860835;30
1123;42.6097688;-5.5860835;42.609881;-5.5860895;30
1124;42.609881;-5.5860895;42.6102537;-5.5860679;30
1125;42.6086956;-5.5853016;42.6086684;-5.5853821;30
1126;42.6086684;-5.5853821;42.6086138;-5.5854683;30
1127;42.6086138;-5.5854683;42.6085422;-5.5855273;30
1128;42.6085422;-5.5855273;42.6084607;-5.5855533;30
1129;42.5939828;-5.570541;42.5940271;-5.5705414;30
1130;42.5939828;-5.570541;42.5940889;-5.5704105;30
1131;42.5940889;-5.5704105;42.5941515;-5.5703417;30
1132;42.5941515;-5.5703417;42.5941898;-5.5702995;30
1133;42.5941898;-5.5702995;42.5943036;-5.5701989;30
1134;42.5943036;-5.5701989;42.594237;-5.5700054;30
1135;42.594237;-5.5700054;42.5939273;-5.5702124;30
1136;42.5939273;-5.5702124;42.5938822;-5.5702522;30
1137;42.5938822;-5.5702522;42.5938695;-5.5703217;30
1138;42.5938695;-5.5703217;42.5938782;-5.5704101;30
1139;42.5938782;-5.5704101;42.5939486;-5.5705407;30
1140;42.6126764;-5.5885543;42.6126962;-5.5884557;30
1141;42.6126962;-5.5884557;42.6126969;-5.5883831;30
1142;42.6126969;-5.5883831;42.6126884;-5.5883355;30
1143;42.6126884;-5.5883355;42.6126555;-5.5882467;30
1144;42.6126555;-5.5882467;42.6124396;-5.5880047;30
1145;42.6124396;-5.5880047;42.61237;-5.5879241;30
1146;42.61237;-5.5879241;42.6123017;-5.5878726;30
1147;42.6062775;-5.583878;42.6062972;-5.5837117;30
1148;42.6062972;-5.5837117;42.606279;-5.5835998;30
1149;42.606279;-5.5835998;42.6062652;-5.5835148;30
1150;42.6062652;-5.5835148;42.6062262;-5.5834715;30
1151;42.6062262;-5.5834715;42.6061161;-5.5833147;30
1152;42.6061161;-5.5833147;42.60575;-5.5826615;30
1153;42.60575;-5.5826615;42.6055625;-5.5823076;30
1154;42.6055625;-5.5823076;42.6055324;-5.582251;30
1155;42.6055324;-5.582251;42.6053448;-5.5819052;30
1156;42.6053448;-5.5819052;42.6049505;-5.581195;30
1157;42.6049505;-5.581195;42.6048807;-5.5810741;30
1158;42.6048807;-5.5810741;42.6048108;-5.5809532;30
1159;42.6048108;-5.5809532;42.6046582;-5.5807413;30
1160;42.6046582;-5.5807413;42.6045665;-5.5806322;30
1161;42.6045665;-5.5806322;42.6045277;-5.5805997;30
1162;42.610692;-5.5867217;42.6107115;-5.5865628;30
1163;42.6107115;-5.5865628;42.610692;-5.5865079;30
1164;42.610692;-5.5865079;42.6106635;-5.5864333;30
1165;42.5911027;-5.5640473;42.5910269;-5.5639388;30
1166;42.5911027;-5.5640473;42.5910669;-5.5639082;30
1167;42.5910669;-5.5639082;42.5910268;-5.5637501;30
1168;42.5910268;-5.5637501;42.5910019;-5.5636426;30
1169;42.5910019;-5.5636426;42.5909933;-5.5635631;30
1170;42.5909933;-5.5635631;42.5909971;-5.5634938;30
1171;42.5909971;-5.5634938;42.5910168;-5.5634273;30
1172;42.5910168;-5.5634273;42.5910473;-5.5633937;30
1173;42.5910473;-5.5633937;42.5910841;-5.5633846;30
1174;42.5910841;-5.5633846;42.5911251;-5.5633903;30
1175;42.5911251;-5.5633903;42.5911605;-5.5634052;30
1176;42.5911605;-5.5634052;42.5912029;-5.5634418;30
1177;42.6053854;-5.5782306;42.6054063;-5.5782552;10
1178;42.6054063;-5.5782552;42.605419;-5.5782712;10
1179;42.605419;-5.5782712;42.6054358;-5.5782923;10
1180;42.6054358;-5.5782923;42.6055051;-5.5783559;10
1181;42.6055051;-5.5783559;42.6076592;-5.5803169;10
1182;42.6076592;-5.5803169;42.6076911;-5.5803507;10
1183;42.6053854;-5.5782306;42.6053579;-5.5782611;30
1184;42.6053579;-5.5782611;42.6053388;-5.5782854;30
1185;42.6053388;-5.5782854;42.6053129;-5.5783194;30
1186;42.6053129;-5.5783194;42.6052982;-5.5783346;30
1187;42.6052982;-5.5783346;42.6052739;-5.578363;30
1188;42.6045638;-5.5771662;42.6045634;-5.5771137;30
1189;42.6047773;-5.5776926;42.604956;-5.5778457;30
1190;42.5983337;-5.5718421;42.5983809;-5.5719403;30
1191;42.5983809;-5.5719403;42.5984288;-5.5720042;30
1192;42.5983337;-5.5718421;42.5983065;-5.5718987;30
1193;42.5983065;-5.5718987;42.5982888;-5.5719759;30
1194;42.597741;-5.5721877;42.5977236;-5.5721785;30
1195;42.5977236;-5.5721785;42.5976678;-5.572149;30
1196;42.5976678;-5.572149;42.5974348;-5.5719931;30
1197;42.597741;-5.5721877;42.5977637;-5.5721836;30
1198;42.5977637;-5.5721836;42.5977782;-5.5721757;30
1199;42.5977782;-5.5721757;42.5977978;-5.5721594;30
1200;42.5977978;-5.5721594;42.5977881;-5.5722097;10
1201;42.5977978;-5.5721594;42.5978122;-5.5721365;50
1202;42.5978122;-5.5721365;42.5978188;-5.572122;50
1203;42.5978188;-5.572122;42.5978637;-5.5720013;50
1204;42.5978637;-5.5720013;42.5979094;-5.5719003;50
1205;42.6092892;-5.586362;42.6092621;-5.5861774;30
1206;42.6092621;-5.5861774;42.6092356;-5.5861259;30
1207;42.6092356;-5.5861259;42.609184;-5.5860255;30
1208;42.609184;-5.5860255;42.6089446;-5.5858818;30
1209;42.6089446;-5.5858818;42.6087729;-5.5857787;30
1210;42.6087729;-5.5857787;42.6085695;-5.5856509;30
1211;42.6085695;-5.5856509;42.6085184;-5.5856037;30
1212;42.6085184;-5.5856037;42.6084607;-5.5855533;30
1213;42.6106635;-5.5864333;42.6106322;-5.5864126;30
1214;42.6106322;-5.5864126;42.610513;-5.5863466;30
1215;42.610513;-5.5863466;42.6103852;-5.5862933;30
1216;42.6103852;-5.5862933;42.6102622;-5.586274;30
1217;42.6102622;-5.586274;42.6102275;-5.5862715;30
1218;42.6102275;-5.5862715;42.610127;-5.5862635;30
1219;42.610127;-5.5862635;42.6098546;-5.5862829;30
1220;42.6098546;-5.5862829;42.6097606;-5.5862753;30
1221;42.6097606;-5.5862753;42.6096665;-5.5862598;30
1222;42.6096665;-5.5862598;42.6094854;-5.5862046;30
1223;42.6112146;-5.5870635;42.6112414;-5.5869079;30
1224;42.6112414;-5.5869079;42.6112078;-5.5868256;30
1225;42.6112078;-5.5868256;42.6111847;-5.586769;30
1226;42.6111847;-5.586769;42.6109636;-5.586625;30
1227;42.6109636;-5.586625;42.6108944;-5.5865799;30
1228;42.6116957;-5.5875303;42.6117437;-5.587367;30
1229;42.6117437;-5.587367;42.6117411;-5.5872538;30
1230;42.6117411;-5.5872538;42.6117138;-5.5871511;30
1231;42.6117138;-5.5871511;42.6116482;-5.5870847;30
1232;42.6116482;-5.5870847;42.6114626;-5.5869479;30
1233;42.6112385;-5.5865828;42.6113853;-5.5866796;30
1234;42.6113853;-5.5866796;42.6115257;-5.5867659;30
1235;42.59846;-5.5717118;42.5984195;-5.5717677;30
1236;42.5984195;-5.5717677;42.5984057;-5.5717981;30
1237;42.5984057;-5.5717981;42.5983946;-5.5718389;30
1238;42.5983946;-5.5718389;42.5983906;-5.5718888;30
1239;42.5983906;-5.5718888;42.5983948;-5.5719336;30
1240;42.5983948;-5.5719336;42.5984288;-5.5720042;30
1241;42.59846;-5.5717118;42.5984021;-5.5717524;30
1242;42.5984021;-5.5717524;42.598377;-5.5717812;30
1243;42.598377;-5.5717812;42.5983337;-5.5718421;30
1244;42.6034241;-5.5765113;42.6036293;-5.5766939;30
1245;42.6036293;-5.5766939;42.6037741;-5.5768245;30
1246;42.5909366;-5.5632181;42.5909277;-5.5631744;50
1247;42.5909366;-5.5632181;42.5909644;-5.5632101;50
1248;42.5909644;-5.5632101;42.5910061;-5.5632181;50
1249;42.5910061;-5.5632181;42.5910426;-5.5631037;30
1250;42.5910061;-5.5632181;42.5910348;-5.5632236;50
1251;42.5910348;-5.5632236;42.5911104;-5.5632542;50
1252;42.5919726;-5.5654881;42.5919399;-5.5653973;30
1253;42.5919726;-5.5654881;42.5920166;-5.5656101;30
1254;42.5919726;-5.5654881;42.5920852;-5.5656605;50
1255;42.5920852;-5.5656605;42.5921569;-5.5658692;50
1256;42.5921569;-5.5658692;42.5921904;-5.5659205;50
1257;42.5921904;-5.5659205;42.5922199;-5.5659483;50
1258;42.5922199;-5.5659483;42.5922639;-5.5659658;50
1259;42.5922639;-5.5659658;42.5923144;-5.5659482;50
1260;42.5923144;-5.5659482;42.5923323;-5.5659299;50
1261;42.5923323;-5.5659299;42.5923536;-5.5659042;50
1262;42.5923536;-5.5659042;42.5923884;-5.5658379;50
1263;42.5923884;-5.5658379;42.5923632;-5.5659624;30
1264;42.5923632;-5.5659624;42.5923534;-5.5660109;30
1265;42.5923534;-5.5660109;42.5923307;-5.5661227;30
1266;42.604702;-5.5804848;42.6047584;-5.5805693;30
1267;42.6047584;-5.5805693;42.6049264;-5.5808201;30
1268;42.6049264;-5.5808201;42.6050815;-5.5810908;30
1269;42.6050815;-5.5810908;42.6051485;-5.5812187;30
1270;42.6051485;-5.5812187;42.6052461;-5.5814051;30
1271;42.62032;-5.5914337;42.6203603;-5.5914111;50
1272;42.62032;-5.5914337;42.6203153;-5.5914396;30
1273;42.6203153;-5.5914396;42.6203006;-5.5914586;30
1274;42.6203006;-5.5914586;42.620296;-5.5914656;30
1275;42.620296;-5.5914656;42.6202893;-5.5914759;30
1276;42.6202893;-5.5914759;42.6201095;-5.591792;30
1277;42.6201095;-5.591792;42.619905;-5.5921514;30
1278;42.619905;-5.5921514;42.6193959;-5.5930467;30
1279;42.6193959;-5.5930467;42.6191122;-5.5935479;30
1280;42.6191122;-5.5935479;42.6189767;-5.5937872;30
1281;42.6189767;-5.5937872;42.6188984;-5.5939275;30
1282;42.6188984;-5.5939275;42.6188783;-5.5939636;30
1283;42.6203603;-5.5914111;42.6203208;-5.5913586;50
1284;42.6203603;-5.5914111;42.62032;-5.5914337;50
1285;42.6203603;-5.5914111;42.6204127;-5.5914162;50
1286;42.6204127;-5.5914162;42.6204411;-5.5914323;50
1287;42.6204411;-5.5914323;42.6204866;-5.5914844;50
1288;42.6204866;-5.5914844;42.6205163;-5.5914978;50
1289;42.6205163;-5.5914978;42.6206576;-5.5916682;50
1290;42.6202675;-5.5911901;42.6205163;-5.5914978;50
1291;42.6202675;-5.5911901;42.6203207;-5.5913006;50
1292;42.6203207;-5.5913006;42.6203208;-5.5913586;50
1293;42.6203208;-5.5913586;42.62032;-5.5914337;50
1294;42.6219137;-5.5932504;42.6221053;-5.5934893;50
1295;42.6221053;-5.5934893;42.6225375;-5.5940243;50
1296;42.6219137;-5.5932504;42.6217889;-5.5930984;50
1297;42.6217889;-5.5930984;42.6217579;-5.5930591;50
1298;42.6217579;-5.5930591;42.6217366;-5.5930322;50
1299;42.6217366;-5.5930322;42.621745;-5.593063;50
1300;42.621745;-5.593063;42.6217528;-5.5930914;50
1301;42.6217528;-5.5930914;42.6217523;-5.5931505;50
1302;42.6217523;-5.5931505;42.6217433;-5.5932009;50
1303;42.6217366;-5.5930322;42.6217281;-5.5930214;50
1304;42.6217281;-5.5930214;42.6217067;-5.5929943;50
1305;42.6217067;-5.5929943;42.6214545;-5.5926752;50
1306;42.6214545;-5.5926752;42.6208288;-5.5918697;50
1307;42.6208288;-5.5918697;42.6206576;-5.5916682;50
1308;42.6217366;-5.5930322;42.6217579;-5.5930591;50
1309;42.6217579;-5.5930591;42.6217889;-5.5930984;50
1310;42.6217889;-5.5930984;42.6219137;-5.5932504;50
1311;42.6217433;-5.5932009;42.6217702;-5.5931917;50
1312;42.6217702;-5.5931917;42.6218217;-5.5931852;50
1313;42.6218217;-5.5931852;42.6218633;-5.5932042;50
1314;42.6218633;-5.5932042;42.6218951;-5.5932352;50
1315;42.6218951;-5.5932352;42.6219137;-5.5932504;50
1316;42.6026929;-5.5758592;42.6027361;-5.5758986;30
1317;42.6027361;-5.5758986;42.6028006;-5.5759604;30
1318;42.6081192;-5.5807013;42.6081835;-5.5807058;30
1319;42.6081835;-5.5807058;42.6092674;-5.5815616;30
1320;42.6092674;-5.5815616;42.6095088;-5.5817409;30
